checked_utc,api_time_utc,fuel,fuel_id,price_cents
2026-08-31T11:32:47.640208+00:00,2026-08-30T10:42:20.3,U91,2,199.9
2026-08-31T11:32:47.640233+00:00,2026-08-30T10:42:20.3,Diesel,3,238.9
2026-09-03T06:34:25.946043+00:00,2026-09-03T06:00:52.397,U91,2,199.9
2026-09-03T06:34:25.946070+00:00,2026-09-03T06:00:52.397,Diesel,3,999.9
2026-09-04T02:27:39.620060+00:00,2026-09-04T01:28:38.18,U91,2,199.9
2026-09-04T02:27:39.620060+00:00,2026-09-04T01:28:38.18,Diesel,3,241.9
2026-09-07T00:39:21.179556+00:00,2026-09-06T23:35:30.443,U91,2,207.9
2026-09-07T00:39:21.179556+00:00,2026-09-06T23:35:30.443,Diesel,3,241.9
2026-09-08T22:27:29.581275+00:00,2026-09-08T22:27:13.903,U91,2,207.9
2026-09-08T22:27:29.581275+00:00,2026-09-08T22:27:13.903,Diesel,3,242.9
2026-09-08T23:26:10.460728+00:00,2026-09-08T22:27:30.513,U91,2,207.9
2026-09-08T23:26:10.460728+00:00,2026-09-08T22:27:30.513,Diesel,3,242.9
2026-09-10T11:28:09.730090+00:00,2026-09-10T10:34:44.527,U91,2,209.9
2026-09-10T11:28:09.730090+00:00,2026-09-10T10:34:44.527,Diesel,3,244.9
2026-09-10T23:25:21.571439+00:00,2026-09-10T22:40:51.327,U91,2,209.9
2026-09-11T00:35:19.040385+00:00,2026-09-10T23:56:11.783,U91,2,209.9
2026-09-11T00:35:19.040385+00:00,2026-09-10T23:56:11.783,Diesel,3,244.9
2026-09-13T00:35:41.465043+00:00,2026-09-12T23:59:51.87,U91,2,212.9
2026-09-13T00:35:41.465043+00:00,2026-09-12T23:59:51.87,Diesel,3,247.9
2026-09-14T21:27:59.944028+00:00,2026-09-14T20:30:13.09,U91,2,215.9
2026-09-14T21:27:59.944028+00:00,2026-09-14T20:30:13.09,Diesel,3,247.9
2026-09-15T05:29:22.707358+00:00,2026-09-15T04:52:10.2,U91,2,215.9
2026-09-15T05:29:22.707358+00:00,2026-09-15T04:52:10.2,Diesel,3,247.9
2026-09-15T10:29:52.493694+00:00,2026-09-15T10:26:50.213,U91,2,217.9
2026-09-15T10:29:52.493694+00:00,2026-09-15T10:26:50.213,Diesel,3,258.9
2026-09-16T10:29:30.058271+00:00,2026-09-16T09:45:44.41,U91,2,218.9
2026-09-16T10:29:30.058271+00:00,2026-09-16T09:45:44.41,Diesel,3,259.9
2026-09-17T02:28:56.561985+00:00,2026-09-17T02:19:11.22,U91,2,224.9
2026-09-17T02:28:56.561985+00:00,2026-09-17T02:19:11.22,Diesel,3,264.9
2026-09-17T12:34:07.516314+00:00,2026-09-17T11:38:35.67,U91,2,224.9
2026-09-18T00:34:22.122199+00:00,2026-09-17T23:37:56.78,U91,2,228.9
2026-09-18T05:26:33.759340+00:00,2026-09-18T05:13:50.297,U91,2,228.9
2026-09-18T05:26:33.759340+00:00,2026-09-18T05:13:50.297,Diesel,3,277.9
2026-09-21T07:30:20.690260+00:00,2026-09-21T07:09:24.21,U91,2,231.9
2026-09-21T07:30:20.690260+00:00,2026-09-21T07:09:24.21,Diesel,3,277.9
2026-09-24T06:34:35.637614+00:00,2026-09-24T05:35:56.713,U91,2,231.9
2026-09-24T06:34:35.637614+00:00,2026-09-24T05:35:56.713,Diesel,3,277.9
2026-09-24T20:29:47.797118+00:00,2026-09-24T19:58:59.257,U91,2,228.9
2026-09-24T20:29:47.797118+00:00,2026-09-24T19:58:59.257,Diesel,3,269.9
2026-09-26T06:33:14.284648+00:00,2026-09-26T06:28:40.6,U91,2,228.9
2026-09-26T12:32:21.418280+00:00,2026-09-26T12:12:34.657,U91,2,228.9
2026-09-26T12:32:21.418280+00:00,2026-09-26T12:12:34.657,Diesel,3,269.9
2026-09-28T03:31:05.637048+00:00,2026-09-28T03:24:06.517,U91,2,228.9
2026-09-28T09:33:22.086229+00:00,2026-09-28T08:46:14.227,U91,2,228.9
2026-09-28T09:33:22.086229+00:00,2026-09-28T08:46:14.227,Diesel,3,269.9
2026-09-30T04:31:40.235923+00:00,2026-09-30T03:49:11.05,U91,2,228.9
2026-09-30T11:29:12.657332+00:00,2026-09-30T11:25:59.327,U91,2,228.9
2026-09-30T11:29:12.657332+00:00,2026-09-30T11:25:59.327,Diesel,3,269.9
2026-09-30T23:52:45.525699+00:00,2026-09-30T23:23:21.51,Diesel,3,269.9
2026-10-01T23:54:09.087780+00:00,2026-10-01T19:35:59.083,U91,2,230.9
2026-10-01T23:54:09.087780+00:00,2026-10-01T19:35:59.083,Diesel,3,269.9
2026-10-03T13:25:03.781678+00:00,2026-10-03T09:58:59.45,U91,2,230.9
2026-10-03T13:25:03.781678+00:00,2026-10-03T09:58:59.45,Diesel,3,269.9
2026-10-05T00:57:22.019660+00:00,2026-10-04T22:21:43.32,U91,2,230.9
2026-10-05T07:05:20.808657+00:00,2026-10-05T03:17:26.993,U91,2,230.9
2026-10-05T07:05:20.808657+00:00,2026-10-05T03:17:26.993,Diesel,3,269.9
2026-10-06T10:21:45.438687+00:00,2026-10-06T09:57:41.18,U91,2,232.9
2026-10-06T10:21:45.438687+00:00,2026-10-06T09:57:41.18,Diesel,3,269.9
2026-10-06T21:39:21.300417+00:00,2026-10-06T21:23:02.59,U91,2,232.9
2026-10-06T21:39:21.300417+00:00,2026-10-06T21:23:02.59,Diesel,3,269.9
2026-10-07T16:31:48.830711+00:00,2026-10-07T11:22:14.463,U91,2,233.9
2026-10-07T16:31:48.830711+00:00,2026-10-07T11:22:14.463,Diesel,3,269.9
2026-10-08T01:57:51.825436+00:00,2026-10-08T00:54:52.303,U91,2,233.9
2026-10-08T09:00:54.122903+00:00,2026-10-08T06:51:16.757,U91,2,233.9
2026-10-08T09:00:54.122903+00:00,2026-10-08T06:51:16.757,Diesel,3,269.9
